SUBJECT,MATRIX,ANALYTE,Rsq_adjusted,Lambda_z,t1_2,Tlag,tmax,Cmax,Tlast,AUC0_tlast,AUC0_inf,AUC_%Extrap_obs,Vz_F,CL_F,AUC0-120,PROTOCOL,SEX,DOSE,DOSEUNIT,CONCU
10121001,Plasma,NBI-1234,0.998630627,0.013106203,52.88695645,1,8,385,408,14125.79891,14202.09866,0.537242781,326.106368,4.274016217,11257.0067,NBI-1234-1234,Male,10,mg,ng/mL
10121002,Plasma,NBI-1234,0.999936333,0.023412142,29.60631263,0,6,365,264,12039.07819,12066.67071,0.228667222,214.8622353,5.030385056,11275.12163,NBI-1234-1234,Male,10,mg,ng/mL
10121003,Plasma,NBI-1234,0.997053294,0.016468321,42.08973052,1.033333333,6.166666667,306,312,11039.24253,11102.39408,0.568810212,329.8005364,5.431261001,9578.227579,NBI-1234-1234,Male,10,mg,ng/mL
10121004,Plasma,NBI-1234,0.998621813,0.023733298,29.20568311,0.5,8,354,264,12913.26465,12938.58772,0.19571743,198.97396,4.722308286,12117.46804,NBI-1234-1234,Male,10,mg,ng/mL
10121005,Plasma,NBI-1234,0.999992724,0.010063094,68.8801246,1,4,356,408.2833333,12894.71825,13049.74015,1.18793095,454.6120367,4.574803737,9724.023627,NBI-1234-1234,Male,10,mg,ng/mL
10121006,Plasma,NBI-1234,0.997945023,0.012678402,54.67149204,0.5,6,337,408.3166667,14433.64024,14528.28939,0.651481713,327.9124621,4.157406174,11101.06632,NBI-1234-1234,Male,10,mg,ng/mL
