PROTOCOL,SUBJECT,SEX,DOSE,DOSEUNIT,MATRIX,ANALYTE,Rsq_adjusted,AUC0_tlast,AUC0_tlastU,AUC0_inf,AUC0_infU,AUC_percent_ext,AUC_percent_extU,Cmax,CmaxU,tmax,tmaxU,Tlag,TlagU,Tlast,TlastU,t1_2,t1_2U,Lambda_z,Lambda_zU,CL_F,CL_FU,Vz_F,Vz_FU
NBI-1234-1234,10121001,Male,10,mg,Plasma,NBI-1234,0.998630627,14125.79891,ng*hr/mL,14202.09866,ng*hr/mL,0.537242781,%,385,ng/mL,8,hr,1,hr,408,hr,52.88695645,hr,0.013106203,1/hr,4.274016217,L/hr,326.106368,L
NBI-1234-1234,10121002,Male,10,mg,Plasma,NBI-1234,0.999936333,12039.07819,ng*hr/mL,12066.67071,ng*hr/mL,0.228667222,%,365,ng/mL,6,hr,0,hr,264,hr,29.60631263,hr,0.023412142,1/hr,5.030385056,L/hr,214.8622353,L
NBI-1234-1234,10121003,Male,10,mg,Plasma,NBI-1234,0.997053294,11039.24253,ng*hr/mL,11102.39408,ng*hr/mL,0.568810212,%,306,ng/mL,6.166666667,hr,1.033333333,hr,312,hr,42.08973052,hr,0.016468321,1/hr,5.431261001,L/hr,329.8005364,L
NBI-1234-1234,10121004,Male,10,mg,Plasma,NBI-1234,0.998621813,12913.26465,ng*hr/mL,12938.58772,ng*hr/mL,0.19571743,%,354,ng/mL,8,hr,0.5,hr,264,hr,29.20568311,hr,0.023733298,1/hr,4.722308286,L/hr,198.97396,L
NBI-1234-1234,10121005,Male,10,mg,Plasma,NBI-1234,0.999992724,12894.71825,ng*hr/mL,13049.74015,ng*hr/mL,1.18793095,%,356,ng/mL,4,hr,1,hr,408.2833333,hr,68.8801246,hr,0.010063094,1/hr,4.574803737,L/hr,454.6120367,L
NBI-1234-1234,10121006,Male,10,mg,Plasma,NBI-1234,0.997945023,14433.64024,ng*hr/mL,14528.28939,ng*hr/mL,0.651481713,%,337,ng/mL,6,hr,0.5,hr,408.3166667,hr,54.67149204,hr,0.012678402,1/hr,4.157406174,L/hr,327.9124621,L
